Subject,Start Date,Start Time,End Date,End Time,All Day Event,Description,Location,Private
작은이모생신,2021-1-1,8:30:00 AM,1/3/2019,9:00:00 AM,FALSE,옷사드리기,명동,TRUE
큰이모생신,2020-3-16,,,,TRUE,,,TRUE
큰이모생신,2021-4-3,,,,TRUE,,,TRUE
큰이모생신,2022-3-24,,,,TRUE,,,TRUE
큰이모생신,2023-3-13,,,,TRUE,,,TRUE
큰이모생신,2024-3-31,,,,TRUE,,,TRUE
큰이모생신,2025-3-21,,,,TRUE,,,TRUE
큰이모생신,2026-4-9,,,,TRUE,,,TRUE
큰이모생신,2027-3-29,,,,TRUE,,,TRUE
큰이모생신,2028-3-17,,,,TRUE,,,TRUE
큰이모생신,2029-4-5,,,,TRUE,,,TRUE
큰이모생신,2030-3-25,,,,TRUE,,,TRUE
큰이모생신,2031-3-15,,,,TRUE,,,TRUE
큰이모생신,2032-4-2,,,,TRUE,,,TRUE
큰이모생신,2033-3-22,,,,TRUE,,,TRUE
큰이모생신,2034-4-10,,,,TRUE,,,TRUE
큰이모생신,2035-3-31,,,,TRUE,,,TRUE
큰이모생신,2036-3-19,,,,TRUE,,,TRUE
큰이모생신,2037-4-7,,,,TRUE,,,TRUE
큰이모생신,2038-3-27,,,,TRUE,,,TRUE
큰이모생신,2039-3-16,,,,TRUE,,,TRUE
큰이모생신,2040-4-3,,,,TRUE,,,TRUE
큰이모생신,2041-3-24,,,,TRUE,,,TRUE
큰이모생신,2042-3-13,,,,TRUE,,,TRUE
큰이모생신,2043-4-1,,,,TRUE,,,TRUE
큰이모생신,2044-3-21,,,,TRUE,,,TRUE
큰이모생신,2045-4-9,,,,TRUE,,,TRUE
큰이모생신,2046-3-29,,,,TRUE,,,TRUE
큰이모생신,2047-3-18,,,,TRUE,,,TRUE
큰이모생신,2048-4-4,,,,TRUE,,,TRUE
큰이모생신,2049-3-25,,,,TRUE,,,TRUE
큰이모생신,2050-3-15,,,,TRUE,,,TRUE
